https://farm8.staticflickr.com/7540/16327651305_6272dd3a78.jpg,914,4838
https://farm8.staticflickr.com/7555/16325867081_b010004ca2.jpg,1889,4838
https://farm9.staticflickr.com/8675/16325867621_f86fbe8c46.jpg,375,4838
https://farm9.staticflickr.com/8663/16141699607_6b909a6825.jpg,209,3224
https://farm9.staticflickr.com/8654/15705082944_28871824fe.jpg,2754,3653
https://farm8.staticflickr.com/7578/16327070235_05ae290249.jpg,3975,3442
https://farm8.staticflickr.com/7563/16326787492_1c087b7f4f.jpg,571,4838
https://farm8.staticflickr.com/7469/15705217684_82c7664381.jpg,1313,3048
https://farm9.staticflickr.com/8591/16301708526_f37317c058.jpg,497,4838
https://farm8.staticflickr.com/7564/16141443459_eaf143116b.jpg,336,4838
https://farm9.staticflickr.com/8589/15704918654_bf82531197.jpg,371,863
https://farm9.staticflickr.com/8583/16141357909_3a72589e9d.jpg,166,274
https://farm8.staticflickr.com/7564/15705218984_89277c236c.jpg,324,4838
https://farm8.staticflickr.com/7499/16140011038_02a3d708e4.jpg,51,12227
https://farm9.staticflickr.com/8625/16139653278_cd00d0e0fa.jpg,144,378
https://farm8.staticflickr.com/7510/16327577275_9bca69bef4.jpg,53,12227
https://farm9.staticflickr.com/8639/16434731621_0e57dd5d3f.jpg,13,6583
https://farm8.staticflickr.com/7540/16140003048_f359b07aa8.jpg,62,12227
https://farm9.staticflickr.com/8601/16140683249_4a95b78925.jpg,6847,13683
https://farm8.staticflickr.com/7537/16326102412_a027d275b9.jpg,2445,251
https://farm9.staticflickr.com/8599/16140042670_66aba233d6.jpg,22,94
https://farm8.staticflickr.com/7570/16327450925_58e59448ae.jpg,18,110
https://farm9.staticflickr.com/8581/15812530243_8134a594d7.jpg,18,6583
https://farm8.staticflickr.com/7385/16246645547_9f8d1a68ba.jpg,16,6583
https://farm8.staticflickr.com/7365/16246757049_509726c343.jpg,25,6583
https://farm8.staticflickr.com/7443/16248851538_2389114111.jpg,14,6583
https://farm8.staticflickr.com/7528/16139845278_6cbe37f48c.jpg,68,468
https://farm9.staticflickr.com/8624/16246352349_be1cca2184.jpg,16,6583
https://farm9.staticflickr.com/8570/16325644411_cb56ec447f.jpg,111,468
https://farm8.staticflickr.com/7554/15704170724_968741546b.jpg,128,327831
https://farm9.staticflickr.com/8664/15810529204_213eab6ee0.jpg,23,6583
https://farm8.staticflickr.com/7528/16325605991_eb2d4816ab.jpg,128,801
https://farm8.staticflickr.com/7486/15707036663_8e812ae661.jpg,2124,4223
https://farm8.staticflickr.com/7477/15704951204_46c0eed3c1.jpg,82,801
https://farm9.staticflickr.com/8665/16141497507_9756e2ff70.jpg,90,801
https://farm8.staticflickr.com/7478/16141490017_9e10cba2d8.jpg,90,801
https://farm8.staticflickr.com/7526/16141513317_ec2cc9c941.jpg,42,109
https://farm9.staticflickr.com/8622/16141174749_11cc487da7.jpg,79,801
https://farm8.staticflickr.com/7494/15707524193_7b9376b5f2.jpg,36,30
https://farm8.staticflickr.com/7565/15705083244_68e3dd240e.jpg,802,3653
https://farm8.staticflickr.com/7366/16246722177_8a69ddcdbc.jpg,15,6583
https://farm8.staticflickr.com/7474/16327435555_4caea75168.jpg,24,30
https://farm8.staticflickr.com/7505/16139807448_7ffc01dccd.jpg,90,801
https://farm9.staticflickr.com/8632/16140106100_072acf6ae2.jpg,12435,61
https://farm9.staticflickr.com/8605/16325867451_c16d1c1377.jpg,255,4838
https://farm9.staticflickr.com/8650/16141480257_94d4014f9f.jpg,183,801
https://farm8.staticflickr.com/7538/16141620967_46a1ce771e.jpg,607,3653
https://farm8.staticflickr.com/7540/16141482877_97338ea37d.jpg,139,801
https://farm8.staticflickr.com/7479/16327489505_1c8f71813a.jpg,31,10042
https://farm8.staticflickr.com/7531/16327335365_3b680e2370.jpg,179,400
https://farm8.staticflickr.com/7527/16140131680_73f4fa0dcf.jpg,882,3653
https://farm9.staticflickr.com/8609/16327366665_58c0031f0d.jpg,284,329
https://farm8.staticflickr.com/7526/16319010702_585074cc11.jpg,30870,436
https://farm8.staticflickr.com/7463/15695639913_c7b4e70f5a.jpg,2922,1022
https://farm8.staticflickr.com/7517/16327516705_a3c8c50e63.jpg,681,3653
https://farm8.staticflickr.com/7483/16325630431_c660bdc0a4.jpg,29,94
https://farm8.staticflickr.com/7500/16141382989_8d12888930.jpg,1862,1499
https://farm9.staticflickr.com/8605/16406503826_6908443aeb.jpg,16,6583
https://farm8.staticflickr.com/7549/16140124270_febaf4af80.jpg,513,16392
https://farm8.staticflickr.com/7567/16326480282_2c68baaf2f.jpg,284,10
https://farm9.staticflickr.com/8661/15707443563_44f0ac0280.jpg,84,518
https://farm8.staticflickr.com/7526/15705020754_1ec8dbb27e.jpg,47,468
https://farm8.staticflickr.com/7548/16301436276_20c4c4021b.jpg,98,801
https://farm9.staticflickr.com/8667/16325529201_3349c88567.jpg,77,345
https://farm8.staticflickr.com/7536/15705038914_a288626c78.jpg,35,981
https://farm8.staticflickr.com/7507/15705169454_e2fccc8581.jpg,276,3929
https://farm8.staticflickr.com/7565/15707399413_d5f909b9af.jpg,49,585
https://farm8.staticflickr.com/7510/16327310065_7ddc1c1f27.jpg,274,468
https://farm9.staticflickr.com/8573/16301497476_eb78e30176.jpg,14,30
https://farm8.staticflickr.com/7560/16141329297_d7f88ec9b4.jpg,13,6235
https://farm9.staticflickr.com/8634/16301305016_58848eaf07.jpg,4256,403
https://farm9.staticflickr.com/8614/15707312963_2cc6137c87.jpg,49,11780
https://farm8.staticflickr.com/7534/15704892714_8b8337eba7.jpg,403,76
https://farm8.staticflickr.com/7581/16139769038_b2efeff175.jpg,1717,208
https://farm9.staticflickr.com/8653/16139901530_a78d717441.jpg,1128,1155
https://farm8.staticflickr.com/7530/15707378553_2d17bf98f7.jpg,7431,3442
https://farm8.staticflickr.com/7317/16431527462_9be3c66079.jpg,15,6583
https://farm8.staticflickr.com/7433/16246774309_0966b49259.jpg,33,6583
https://farm9.staticflickr.com/8654/16141575087_9f975fdc7f.jpg,173,1113
https://farm9.staticflickr.com/8611/16326355922_a7f737a354.jpg,56,11780
https://farm9.staticflickr.com/8590/16301407326_8515b42443.jpg,95,3593
https://farm8.staticflickr.com/7575/16139880700_d24c957d92.jpg,968,7198
https://farm8.staticflickr.com/7489/16140134030_69c3370183.jpg,540,5641
https://farm9.staticflickr.com/8618/16301272966_537ba151a2.jpg,130,4649
https://farm8.staticflickr.com/7492/16141396547_cac87efa5c.jpg,108,52
https://farm8.staticflickr.com/7577/16326650552_59e95b19e6.jpg,1279,3653
https://farm8.staticflickr.com/7562/16139846140_1df44619f0.jpg,1616,1642
https://farm9.staticflickr.com/8651/16327384785_6ac650622e.jpg,95,801
https://farm9.staticflickr.com/8674/15809925534_1bc1563e54.jpg,38,6583
https://farm8.staticflickr.com/7466/16141586247_98fc9f03f2.jpg,55,45
https://farm9.staticflickr.com/8656/16141382357_1dcd4185da.jpg,7213,3442
https://farm8.staticflickr.com/7513/16139655718_07c96931a7.jpg,38,11780
https://farm9.staticflickr.com/8601/16327222175_8e1c527da4.jpg,8,6235
https://farm8.staticflickr.com/7520/16141010129_cd28e4bc50.jpg,42,4649
https://farm9.staticflickr.com/8601/16325513321_9fa0e331d4.jpg,74,10042
https://farm8.staticflickr.com/7351/16246161689_3ca7ce096b.jpg,23,6583
https://farm8.staticflickr.com/7520/16139642368_049235b31c.jpg,33,7024
https://farm8.staticflickr.com/7466/16325229761_40419ae488.jpg,1658,90
https://farm8.staticflickr.com/7531/16141318617_dc0a21f2d3.jpg,104,7024
https://farm8.staticflickr.com/7389/16435718245_0463318df4.jpg,55,6583
https://farm8.staticflickr.com/7530/16141023699_8f09b5b0e5.jpg,5315,3442
https://farm8.staticflickr.com/7517/15704793014_88e08fd91c.jpg,19,11780
https://farm8.staticflickr.com/7579/16138408148_c91500cfe4.jpg,31,7252
https://farm9.staticflickr.com/8595/16326650212_24d4889978.jpg,1042,3653
https://farm9.staticflickr.com/8581/16431577112_a17d6076be.jpg,15,6583
https://farm8.staticflickr.com/7528/16326354752_dc64345dd4.jpg,44,11780
https://farm8.staticflickr.com/7518/16139644298_2ac08c975f.jpg,296,7024
https://farm8.staticflickr.com/7567/16139612658_c9500b6b31.jpg,2015,135
https://farm8.staticflickr.com/7538/16325589111_f3b026d486.jpg,131,801
https://farm8.staticflickr.com/7530/16301280756_a24991a5f7.jpg,24,6235
https://farm8.staticflickr.com/7470/16326344502_2b9f0f2481.jpg,47,7024
https://farm8.staticflickr.com/7528/16301265796_6049634747.jpg,890,7198
https://farm8.staticflickr.com/7559/16139817460_cb430c3568.jpg,4407,3442
https://farm9.staticflickr.com/8587/16139532818_1a50ee7350.jpg,289,298
https://farm8.staticflickr.com/7510/16325437931_66916b2e13.jpg,14,6235
https://farm9.staticflickr.com/8611/16327217795_79f1cd6b6f.jpg,39,4649
https://farm8.staticflickr.com/7505/16141203287_e2e944e873.jpg,1512,7198
https://farm8.staticflickr.com/7552/16325819331_789c3b60ef.jpg,253,3929
https://farm8.staticflickr.com/7465/16327135565_f0aa7a7026.jpg,4780,3442
https://farm8.staticflickr.com/7514/16300018176_dd7ebc14f7.jpg,35,7252
https://farm9.staticflickr.com/8570/15707300223_7018507661.jpg,95,7024
https://farm8.staticflickr.com/7525/16326235532_15a4612f5d.jpg,20,6004
https://farm9.staticflickr.com/8627/16139653768_3455c83710.jpg,8,6235
https://farm8.staticflickr.com/7492/16139833160_633d66122f.jpg,16,4649
https://farm9.staticflickr.com/8589/15704671754_9687b7a4ba.jpg,21,6004
https://farm9.staticflickr.com/8630/16141201527_2aae2a710c.jpg,19,12569
https://farm8.staticflickr.com/7566/16327228915_765a7163ed.jpg,606,197
https://farm8.staticflickr.com/7541/16327082415_22fa6d862a.jpg,236,293
https://farm8.staticflickr.com/7531/16326355212_af2030ea8e.jpg,51,11780
https://farm8.staticflickr.com/7518/15704641224_20f1b7dc13.jpg,84,89
https://farm9.staticflickr.com/8607/16327216455_fa1215252d.jpg,339,7024
https://farm8.staticflickr.com/7564/16327192035_d9e425556f.jpg,231,954
https://farm8.staticflickr.com/7463/16141144827_5844160f67.jpg,87,16027
https://farm8.staticflickr.com/7515/16327216835_4ecfa5ee17.jpg,676,4649
https://farm8.staticflickr.com/7496/16325583711_26ba0f1744.jpg,3546,987
https://farm9.staticflickr.com/8636/15707264763_9d698cdccb.jpg,4996,3442
https://farm8.staticflickr.com/7495/15704780294_371f75cfff.jpg,72,45
https://farm8.staticflickr.com/7581/15704565974_ccbedf4f19.jpg,26,6004
https://farm8.staticflickr.com/7484/16327071015_4f6d2b8fee.jpg,108,1387
https://farm8.staticflickr.com/7542/16140165480_1f8bc1df99.jpg,640,220
https://farm9.staticflickr.com/8631/16139782420_f3fd42d77f.jpg,95,3420
https://farm8.staticflickr.com/7490/16141211197_2790da7e09.jpg,22,12569
https://farm9.staticflickr.com/8622/16140996439_e3b1f557f8.jpg,230,2157
https://farm9.staticflickr.com/8607/16139758968_0f4e78ea79.jpg,73,3824
https://farm8.staticflickr.com/7361/16433983481_a7266e14af.jpg,16,6583
https://farm9.staticflickr.com/8574/15707271683_084bb9faa6.jpg,421,98
https://farm8.staticflickr.com/7550/16325316121_f2fb337437.jpg,2639,124
https://farm9.staticflickr.com/8598/16139647448_19aa86c9a3.jpg,58,7024
https://farm8.staticflickr.com/7565/16139439088_91b0d29285.jpg,1082,215
https://farm9.staticflickr.com/8637/16139493238_49b964a84c.jpg,1338,124
https://farm9.staticflickr.com/8641/16301157586_f127f04984.jpg,24,6004
https://farm8.staticflickr.com/7519/16140779179_9b660a5da4.jpg,52,122
https://farm9.staticflickr.com/8661/16300986326_58d7b92a54.jpg,241,1309
https://farm8.staticflickr.com/7560/16327273365_586d44d810.jpg,73,345
https://farm9.staticflickr.com/8676/16327167195_d55243a1be.jpg,103,3420
https://farm8.staticflickr.com/7557/16139523660_0fbb6eddc2.jpg,1353,26
https://farm8.staticflickr.com/7483/16325431581_0f5fb5bf71.jpg,487,4649
https://farm9.staticflickr.com/8573/16139493048_807666acda.jpg,326,557
https://farm8.staticflickr.com/7499/16139668790_3f1e402e63.jpg,32,6004
https://farm9.staticflickr.com/8665/16326118162_523830277f.jpg,134,122
https://farm9.staticflickr.com/8669/16325295461_8a39853675.jpg,198,293
https://farm8.staticflickr.com/7504/16325316781_45188ce1f3.jpg,5263,3442
https://farm9.staticflickr.com/8664/16139509580_34548a8574.jpg,6904,1392
https://farm8.staticflickr.com/7465/15704783454_940d6c4e5f.jpg,34,7024
https://farm8.staticflickr.com/7473/16301053746_d0ababd0fb.jpg,627,100
https://farm8.staticflickr.com/7576/16326994245_ee4524a7c9.jpg,28,6004
https://farm9.staticflickr.com/8610/16139693140_85159b84e0.jpg,1184,124
https://farm8.staticflickr.com/7497/15704645314_4625846b1c.jpg,3742,39
https://farm9.staticflickr.com/8592/16140860769_db8b7a2878.jpg,266,2157
https://farm9.staticflickr.com/8609/16327117655_6918d06337.jpg,19,33
https://farm9.staticflickr.com/8614/15707126803_cb19466c60.jpg,3841,466
https://farm8.staticflickr.com/7551/15704546514_9c91b1f3a5.jpg,2576,1211
https://farm9.staticflickr.com/8624/16141036127_358786fa8b.jpg,91,1853
https://farm8.staticflickr.com/7572/16139552660_91a910a80e.jpg,17,61
https://farm9.staticflickr.com/8683/16141333547_ce6a893ff5.jpg,22,11780
https://farm8.staticflickr.com/7510/16326943155_79c747027f.jpg,9,12569
https://farm8.staticflickr.com/7558/16325207461_8e3c0cec38.jpg,27,6004
https://farm9.staticflickr.com/8652/16139482650_4844d1cfac.jpg,23,12569
https://farm8.staticflickr.com/7485/16301015716_52a178ab67.jpg,104,3230
https://farm8.staticflickr.com/7582/16301134146_3ffb757e0b.jpg,154,89
https://farm8.staticflickr.com/7560/16325543681_504ae87570.jpg,4940,573
https://farm8.staticflickr.com/7528/15704581264_52870557ca.jpg,76,38
https://farm9.staticflickr.com/8595/16434837532_42f27713c3.jpg,24,6583
https://farm8.staticflickr.com/7478/16326867695_03df1078a7.jpg,113,15888
https://farm9.staticflickr.com/8596/16140659609_7b24b90679.jpg,24,156390
https://farm8.staticflickr.com/7527/16141368317_bd1540c920.jpg,4706,3442
https://farm8.staticflickr.com/7462/15706999603_95bc6741dd.jpg,44,1244
https://farm8.staticflickr.com/7526/16326847875_811221181d.jpg,24,156390
https://farm9.staticflickr.com/8625/16139370828_149b656c07.jpg,22,12569
https://farm8.staticflickr.com/7516/16325203791_e1c8e8c97e.jpg,28,6004
https://farm8.staticflickr.com/7535/16141040197_13935187b1.jpg,127,395
https://farm8.staticflickr.com/7542/16301318776_78cb3d66a8.jpg,25,177
https://farm8.staticflickr.com/7461/16325133311_a9dae2403b.jpg,42,28
https://farm8.staticflickr.com/7538/16140959387_290829cfba.jpg,24,156390
https://farm8.staticflickr.com/7497/16139654778_855b18f766.jpg,137,6235
https://farm9.staticflickr.com/8570/16140974777_069820d290.jpg,23,156390
https://farm8.staticflickr.com/7505/16141104227_0a3ae9cdc0.jpg,26,6004
https://farm8.staticflickr.com/7583/16140970057_49902d661a.jpg,114,15888
https://farm9.staticflickr.com/8658/16300890046_c0175b304e.jpg,27,156390
https://farm9.staticflickr.com/8599/16139300508_1475e05116.jpg,24,156390
https://farm9.staticflickr.com/8679/15704483624_0639c6985f.jpg,1955,98
https://farm9.staticflickr.com/8640/16140625419_bcd0d5dd0b.jpg,13,12569
https://farm8.staticflickr.com/7575/16325173871_773dcabd5f.jpg,205,5502
https://farm9.staticflickr.com/8665/15707012063_3522407ed4.jpg,134,5690
https://farm8.staticflickr.com/7561/16139601160_270c35e820.jpg,64,122
https://farm8.staticflickr.com/7554/16139829870_4229de3ed2.jpg,91,7024
https://farm9.staticflickr.com/8646/16325996192_3cd4a5b4d6.jpg,117,15888
https://farm9.staticflickr.com/8579/15704421894_0fbee73c8d.jpg,25,156390
https://farm9.staticflickr.com/8651/15704431474_201eeecda7.jpg,23,156390
https://farm8.staticflickr.com/7477/16140937387_3686569aaa.jpg,1411,103
https://farm8.staticflickr.com/7561/16325932882_19200448b0.jpg,24,156390
https://farm8.staticflickr.com/7536/15706925943_01be53c61a.jpg,27,156390
https://farm8.staticflickr.com/7502/16325979162_700fa6f4ca.jpg,25,156390
https://farm8.staticflickr.com/7478/15704964044_e6f96d43c9.jpg,147,801
https://farm8.staticflickr.com/7522/15707311903_2dd0862439.jpg,42,11780
https://farm8.staticflickr.com/7491/16326757962_05da10ffc5.jpg,1057,107
https://farm9.staticflickr.com/8667/16326813745_0d68d579a1.jpg,22,156390
https://farm9.staticflickr.com/8640/16326876325_7cba030ab6.jpg,459,122
https://farm8.staticflickr.com/7494/16300915546_e86292c829.jpg,23,156390
https://farm9.staticflickr.com/8631/16139302858_f3d4d52463.jpg,462,156390
https://farm8.staticflickr.com/7480/16140615119_9fcd2093b1.jpg,27,156390
https://farm9.staticflickr.com/8602/16326006072_79d510db52.jpg,336,112
https://farm9.staticflickr.com/8590/16139479130_f798799870.jpg,114,15888
https://farm8.staticflickr.com/7537/15704963304_dac8e170ab.jpg,52,94
https://farm8.staticflickr.com/7488/16300882206_fba1e938fb.jpg,27,156390
https://farm9.staticflickr.com/8653/16140867567_6fb1d4ab1a.jpg,30,156390
https://farm9.staticflickr.com/8605/15704402524_c35103f723.jpg,24,156390
https://farm8.staticflickr.com/7514/15704335924_f4ac62a56b.jpg,27,156390
https://farm8.staticflickr.com/7492/16325613911_4854162870.jpg,101,801
https://farm9.staticflickr.com/8628/16140604109_f36d27cacc.jpg,23,156390
https://farm8.staticflickr.com/7527/16300827626_5e0e50049c.jpg,27,156390
https://farm9.staticflickr.com/8607/15704354394_34735caba9.jpg,26,156390
https://farm8.staticflickr.com/7472/16141100807_b011c24e94.jpg,28,6004
https://farm8.staticflickr.com/7497/16301334056_f7d1e4dfdc.jpg,23,94
https://farm8.staticflickr.com/7558/16326746585_3297f1fd9a.jpg,36,156390
https://farm8.staticflickr.com/7578/16300909556_6f8ca6c02f.jpg,115,31893
https://farm9.staticflickr.com/8596/16327600925_4578d1d49e.jpg,249,3929
https://farm8.staticflickr.com/7477/16300910216_1be22b0b1b.jpg,24,156390
https://farm9.staticflickr.com/8619/16326066972_0a58106b57.jpg,92,29
https://farm9.staticflickr.com/8654/16326789935_47ee85ed54.jpg,33,156390
https://farm8.staticflickr.com/7509/16140589859_6896cc1706.jpg,29,156390
https://farm8.staticflickr.com/7555/16139223228_5ac1932d9b.jpg,43,156390
https://farm8.staticflickr.com/7471/16141191757_6ab9511e85.jpg,264,6421
https://farm9.staticflickr.com/8638/16139432330_da52d1519e.jpg,26,156390
https://farm8.staticflickr.com/7578/15704386324_88d6eb13a9.jpg,25,156390
https://farm9.staticflickr.com/8664/15704972914_32bce40ba8.jpg,4037,107
https://farm8.staticflickr.com/7565/16325006821_7eafe386db.jpg,26,156390
https://farm9.staticflickr.com/8621/16140532249_b8dde484ba.jpg,69,156390
https://farm9.staticflickr.com/8587/16140528679_103490ef5c.jpg,251,156390
https://farm8.staticflickr.com/7535/16325051061_823c0e5e63.jpg,26,156390
https://farm8.staticflickr.com/7577/16140549489_3a61de3db5.jpg,29,156390
https://farm9.staticflickr.com/8650/16140008320_59303f96a3.jpg,121,801
https://farm8.staticflickr.com/7476/16140884417_cd839c3bd0.jpg,30,156390
https://farm8.staticflickr.com/7530/15706912183_601826645d.jpg,1680,76
https://farm9.staticflickr.com/8646/16139827398_8d331d81fb.jpg,86,801
https://farm8.staticflickr.com/7502/15706950533_a4175662b2.jpg,29,156390
https://farm8.staticflickr.com/7569/16140534549_6765e1fa95.jpg,66,156390
https://farm8.staticflickr.com/7513/15704381444_3356b96d93.jpg,1642,438
https://farm8.staticflickr.com/7542/16324994731_7d41a2572e.jpg,29,156390
https://farm8.staticflickr.com/7528/16141405329_e576e8b72f.jpg,31,1707
https://farm8.staticflickr.com/7481/16324977761_7c15f8fb2d.jpg,29,156390
https://farm8.staticflickr.com/7554/16325920972_1608997dc5.jpg,27,156390
https://farm8.staticflickr.com/7512/16139149928_a835351292.jpg,45,156390
https://farm8.staticflickr.com/7540/16140554319_010bf87c51.jpg,843,2207
https://farm9.staticflickr.com/8634/15706860673_b3147c0ff4.jpg,35,156390
https://farm9.staticflickr.com/8623/16140931047_4eb0f4d0d1.jpg,27,156390
https://farm8.staticflickr.com/7577/16325388551_1e54b79523.jpg,175,25
https://farm8.staticflickr.com/7479/16325835312_0b5386a934.jpg,175,156390
https://farm9.staticflickr.com/8588/15706814023_9c513f9886.jpg,29,156390
https://farm8.staticflickr.com/7517/16326811225_b6b4f90f5f.jpg,23,156390
https://farm8.staticflickr.com/7511/16325295851_8e36568286.jpg,228,293
https://farm8.staticflickr.com/7463/16140498859_ae2dea1f85.jpg,36,156390
https://farm8.staticflickr.com/7580/16300730376_745e25c469.jpg,16,6235
https://farm8.staticflickr.com/7513/15706875683_89735364f4.jpg,1279,276
https://farm8.staticflickr.com/7544/16324922891_67b777777e.jpg,32,156390
https://farm8.staticflickr.com/7564/15704335294_b957e2b307.jpg,27,156390
https://farm8.staticflickr.com/7479/15707699663_29b3d84204.jpg,34,1707
https://farm9.staticflickr.com/8580/16300792116_2bdc5129ac.jpg,185,156390
https://farm8.staticflickr.com/7498/16324921671_6728296a89.jpg,29,156390
https://farm8.staticflickr.com/7544/16139329280_97197f528a.jpg,27,156390
https://farm8.staticflickr.com/7466/15706835633_502f595ac5.jpg,28,156390
https://farm9.staticflickr.com/8683/16139118618_2ee1de9b59.jpg,97,17
https://farm9.staticflickr.com/8624/16139334790_eae77f92a2.jpg,34,156390
https://farm9.staticflickr.com/8579/16435691865_681544075f.jpg,17,6583
https://farm9.staticflickr.com/8649/16140656929_5a037ee138.jpg,115,15888
https://farm8.staticflickr.com/7564/16325808152_148bf8ab86.jpg,16,6235
https://farm8.staticflickr.com/7518/16140838257_fd8d7a8ab6.jpg,251,156390
https://farm9.staticflickr.com/8646/16324883501_bd586e3722.jpg,25,6235
https://farm8.staticflickr.com/7528/15706765783_322ca3484a.jpg,53,11780
https://farm8.staticflickr.com/7490/16300782656_a840f639fb.jpg,49,156390
https://farm9.staticflickr.com/8585/15704251574_6ec74120db.jpg,81,11780
https://farm8.staticflickr.com/7502/16139436360_f16691d031.jpg,26,156390
https://farm8.staticflickr.com/7545/16325037291_f59fe4627d.jpg,1095,990
https://farm9.staticflickr.com/8644/16139107578_515a700c51.jpg,34,6235
https://farm8.staticflickr.com/7511/16139364490_de72305f33.jpg,29,156390
https://farm8.staticflickr.com/7461/16326674545_49ef6727ec.jpg,37,11780
https://farm8.staticflickr.com/7544/16324884911_e01a80afe6.jpg,35,6235
https://farm8.staticflickr.com/7576/16300728146_ac743b45d4.jpg,69,11780
https://farm9.staticflickr.com/8644/16325490491_b15030fe9e.jpg,1490,873
https://farm8.staticflickr.com/7494/16325615841_2c49a20402.jpg,32,26
https://farm8.staticflickr.com/7484/16324986331_f73e0305a9.jpg,759,2207
https://farm8.staticflickr.com/7524/16325803302_2b3635b1a7.jpg,19,4649
https://farm9.staticflickr.com/8573/16324916791_ab838f1bcb.jpg,38,156390
https://farm8.staticflickr.com/7477/16326676855_2885d3a031.jpg,14,6235
https://farm8.staticflickr.com/7481/16140785007_2a435afd0b.jpg,51,26
https://farm9.staticflickr.com/8622/16326663105_e263b00e82.jpg,53,7024
https://farm8.staticflickr.com/7521/16140910827_f47f03ccd9.jpg,26,156390
https://farm8.staticflickr.com/7462/16325885112_eef8c56f7e.jpg,27,156390
https://farm9.staticflickr.com/8623/16324944211_67ba5f6d56.jpg,357,156390
https://farm8.staticflickr.com/7380/16246061959_c59024f0d8.jpg,14,6583
https://farm9.staticflickr.com/8646/16140500099_a103af4df2.jpg,31,156390
https://farm8.staticflickr.com/7517/16325807752_0034ac107c.jpg,90,11780
https://farm8.staticflickr.com/7545/16325934892_c75a09ba3b.jpg,26,156390
https://farm8.staticflickr.com/7486/16140177329_d212f1e81b.jpg,8332,305
https://farm8.staticflickr.com/7470/15706777223_8c164b7717.jpg,744,484
https://farm8.staticflickr.com/7477/15706765933_98cd4481ce.jpg,15,12569
https://farm8.staticflickr.com/7475/15706810763_8cacbc2daf.jpg,146,457
https://farm8.staticflickr.com/7554/15704246034_ece1a4bd26.jpg,11,12569
https://farm8.staticflickr.com/7492/16325020491_15b2e0113a.jpg,221,3224
https://farm8.staticflickr.com/7375/15813130504_e73f087493.jpg,13,6583
https://farm8.staticflickr.com/7516/15707481013_aab73e5ea9.jpg,77,801
https://farm8.staticflickr.com/7492/16139452580_3df236e4ee.jpg,29,156390
https://farm8.staticflickr.com/7493/16139093028_661dafff29.jpg,30,7024
https://farm8.staticflickr.com/7490/16300726986_80aafdc9da.jpg,26,11780
https://farm8.staticflickr.com/7467/16139186918_d2120f83d9.jpg,809,2207
https://farm8.staticflickr.com/7503/16140783377_96d0f12ef3.jpg,65,11780
https://farm8.staticflickr.com/7488/16324873611_b9f94ebe82.jpg,97,7024
https://farm8.staticflickr.com/7526/16140778337_7b7fce6a20.jpg,61,11780
https://farm8.staticflickr.com/7550/15704247084_1098da2707.jpg,12,4649
https://farm8.staticflickr.com/7471/16139327410_07a28641f5.jpg,21,10042
https://farm8.staticflickr.com/7559/15706752923_4849ddbeca.jpg,32,7024
https://farm8.staticflickr.com/7582/16325750122_c6ccfca8b0.jpg,350,388
https://farm8.staticflickr.com/7495/15703949704_2f5d227117.jpg,3458,305
https://farm8.staticflickr.com/7479/16140560979_21303c7ea1.jpg,30,156390
https://farm8.staticflickr.com/7521/16325833742_5a5faea899.jpg,1289,705
https://farm9.staticflickr.com/8662/16139228420_cbe3c841d3.jpg,55,178
https://farm8.staticflickr.com/7583/16324878461_6bd805abca.jpg,461,292
https://farm8.staticflickr.com/7468/16140808857_acf5e52522.jpg,34,156390
https://farm9.staticflickr.com/8579/16325716632_daba7567de.jpg,100,212
https://farm8.staticflickr.com/7552/16324857651_2930bbe014.jpg,556,292
https://farm8.staticflickr.com/7481/16139105628_ae22730bbc.jpg,34,11780
https://farm8.staticflickr.com/7535/15704249144_9d4f88379a.jpg,14,12569
https://farm8.staticflickr.com/7505/16139659920_352c48830a.jpg,15,2558
https://farm9.staticflickr.com/8644/15706729903_0098c9a032.jpg,11,12569
https://farm8.staticflickr.com/7517/15703959504_a1d51e2dab.jpg,4517,305
https://farm8.staticflickr.com/7568/16325726082_cbf61c49cc.jpg,53,327831
https://farm8.staticflickr.com/7487/16139110148_4716592ccc.jpg,261,47
https://farm8.staticflickr.com/7486/16139087708_b00886bb7e.jpg,28,7024
https://farm8.staticflickr.com/7492/16324848661_bcc418874c.jpg,9,12569
https://farm8.staticflickr.com/7546/16138994080_43ce325b52.jpg,9796,305
https://farm9.staticflickr.com/8655/16139068278_34c13676eb.jpg,12,12569
https://farm8.staticflickr.com/7576/15704247804_7d2d846f91.jpg,19,12569
https://farm8.staticflickr.com/7503/16140702557_6685175954.jpg,61,327831
https://farm9.staticflickr.com/8602/16140742587_ae35bd9a3c.jpg,9,12569
https://farm8.staticflickr.com/7500/16326758215_50fafa13b0.jpg,28,156390
https://farm8.staticflickr.com/7478/16326645995_0d8efa7267.jpg,64,101
https://farm8.staticflickr.com/7574/16139322970_f87766883e.jpg,46,3220
https://farm8.staticflickr.com/7489/16300726876_c14b420d7a.jpg,65,6109
https://farm8.staticflickr.com/7475/16139107148_4e83bf74c5.jpg,23,11780
https://farm8.staticflickr.com/7550/16300723056_2dd2edc525.jpg,12,12569
https://farm8.staticflickr.com/7573/16300726766_f67c7c4797.jpg,18,6235
https://farm9.staticflickr.com/8611/15707205303_1d43446ff8.jpg,7089,3442
https://farm9.staticflickr.com/8568/16430574451_d1899d8cf5.jpg,33,6583
https://farm9.staticflickr.com/8643/16324581671_318a74699d.jpg,6210,305
https://farm8.staticflickr.com/7462/16324897381_11fc1e2602.jpg,250,6173
https://farm9.staticflickr.com/8681/15704236294_55abd48a07.jpg,105,7024
https://farm9.staticflickr.com/8661/16325774262_99dbe50e05.jpg,11,12569
https://farm8.staticflickr.com/7403/16244480130_a5557948fd.jpg,16,6583
https://farm8.staticflickr.com/7515/16325888682_fe7964c38b.jpg,32,156390
https://farm8.staticflickr.com/7317/16406988726_ce40355d5b.jpg,13,6583
https://farm9.staticflickr.com/8636/16140444099_cc98fbab77.jpg,3469,21
https://farm9.staticflickr.com/8657/16300905196_48cff952d7.jpg,340,646
https://farm8.staticflickr.com/7545/16139246120_c87e50e818.jpg,9,12569
https://farm8.staticflickr.com/7544/16326607565_402661d82e.jpg,893,3239
https://farm8.staticflickr.com/7467/16300727916_f26ecc559d.jpg,37,6235
https://farm9.staticflickr.com/8674/16139210110_5c476509c7.jpg,120,327831
https://farm8.staticflickr.com/7509/16140928787_c0a27da02b.jpg,533,345
https://farm8.staticflickr.com/7492/16139085978_78878b0f74.jpg,34,7024
https://farm8.staticflickr.com/7475/15706750743_df40d84e93.jpg,39,7024
https://farm8.staticflickr.com/7470/16139088328_6cb07398e8.jpg,41,7024
https://farm8.staticflickr.com/7579/16139255680_6fd245cdc5.jpg,11,12569
https://farm8.staticflickr.com/7486/16325740972_c26193e135.jpg,153,3593
https://farm9.staticflickr.com/8562/16246444367_d615847022.jpg,17,6583
https://farm8.staticflickr.com/7554/15704271234_638156cb4c.jpg,1447,407
https://farm8.staticflickr.com/7511/16139246640_3a86d7aa4c.jpg,817,185
https://farm9.staticflickr.com/8611/16300433716_ee535a151a.jpg,5339,305
https://farm8.staticflickr.com/7509/15706724033_5d14c548b3.jpg,10,12569
https://farm9.staticflickr.com/8616/15706722903_9619528aa4.jpg,10,12569
https://farm8.staticflickr.com/7472/16325513642_0f15cb9481.jpg,2605,305
https://farm9.staticflickr.com/8609/16140518139_8b019b85cb.jpg,27,156390
https://farm8.staticflickr.com/7489/16324865751_46baafc247.jpg,75,7024
https://farm9.staticflickr.com/8594/15706750763_4700a54954.jpg,320,5357
https://farm9.staticflickr.com/8621/15706478273_07c4ac5548.jpg,5094,305
https://farm9.staticflickr.com/8599/16326384955_a3733b5bff.jpg,3976,305
https://farm8.staticflickr.com/7548/15706844293_48fa7901ce.jpg,72,67
https://farm9.staticflickr.com/8668/16138759808_239f71b6f3.jpg,81,108
https://farm8.staticflickr.com/7548/16326645085_07e2fa1635.jpg,15,12569
https://farm8.staticflickr.com/7558/16139649480_17af278bbc.jpg,7,2558
https://farm8.staticflickr.com/7503/16327388675_50464bb903.jpg,10913,1252
https://farm9.staticflickr.com/8679/16301446916_5e433fc5bc.jpg,662,233
